city,investment,building,handover_date,flat,area_m2,rooms,floor,logy,price_new_zlm2,price_old_zlm2,promo,link,img,date_scraped,total_price_zl,key
krakow,29. ALEJA,E,,E-57,43.502,2 pokoje z aneksem,2 piętro,BALKON,168362.0,183002.0,True,/pl-pl/krakow/mieszkanie?id=29. aleja_2_1_e_mk_57,/getmedia/8ba3150f-1111-42bb-b4f6-2a657b55b45f/29.%20ALEJA_2_1_E_MK_57_Rzut%203D_1.jpg?width=276,2026-07-27,7324083.724,krakow|29. ALEJA|E|E-57
krakow,29. ALEJA,E,,E-109,40.912,1 pokój z aneksem,3 piętro,LOGGIA,177562.0,193002.0,True,/pl-pl/krakow/mieszkanie?id=29. aleja_2_1_e_mk_109,/getmedia/2dc74a4f-cf3a-47fd-9a24-a01fd069dee9/29.%20ALEJA_2_1_E_MK_109_Rzut%203D_1.jpg?width=276,2026-07-27,7264416.544,krakow|29. ALEJA|E|E-109
krakow,29. ALEJA,C,,C-91,48.022,2 pokoje z aneksem,5 piętro,LOGGIA,,179002.0,False,/pl-pl/krakow/mieszkanie?id=29. aleja_2_2_c_mk_91,/getmedia/86191c0e-9364-4d62-871d-69924874a12d/29.%20ALEJA_2_2_C_MK_91_Rzut%203D_1.jpg?width=276,2026-07-27,,krakow|29. ALEJA|C|C-91
krakow,29. ALEJA,E,,E-139,40.602,2 pokoje z aneksem,6 piętro,LOGGIA,,196002.0,False,/pl-pl/krakow/mieszkanie?id=29. aleja_2_1_e_mk_139,/getmedia/83d1d71e-c93c-411b-b88c-cb080e82d600/29.%20ALEJA_2_1_E_MK_139_Rzut%203D_1.jpg?width=276,2026-07-27,,krakow|29. ALEJA|E|E-139
krakow,29. ALEJA,E,,E-147,40.602,2 pokoje z aneksem,7 piętro,LOGGIA,,197002.0,False,/pl-pl/krakow/mieszkanie?id=29. aleja_2_1_e_mk_147,/getmedia/ee643061-8c2e-4416-9089-166e43a23a88/29.%20ALEJA_2_1_E_MK_147_Rzut%203D_1.jpg?width=276,2026-07-27,,krakow|29. ALEJA|E|E-147
krakow,APARTAMENTY PARK MATECZNEGO,B,,B-73,45.182,2 pokoje z aneksem,1 piętro,BALKON,,193002.0,False,/pl-pl/krakow/mieszkanie?id=apartamenty park matecznego_1_2_b_mk_73,/getmedia/8521876a-6965-4aec-a5ba-63c14dd46f6a/APARTAMENTY%20PARK%20MATECZNEGO_1_2_B_MK_73_Rzut%203D_1.jpg?width=276,2026-07-27,,krakow|APARTAMENTY PARK MATECZNEGO|B|B-73
krakow,APARTAMENTY PARK MATECZNEGO,D,,D-44,53.232,3 pokoje z aneksem,Parter,,,183002.0,False,/pl-pl/krakow/mieszkanie?id=apartamenty park matecznego_1_3_d_mk_44,/getmedia/4bc5142a-6382-4e5e-9bb9-372a015a437c/APARTAMENTY%20PARK%20MATECZNEGO_1_3_D_MK_44_Rzut%203D_1.jpg?width=276,2026-07-27,,krakow|APARTAMENTY PARK MATECZNEGO|D|D-44
krakow,APARTAMENTY PARK MATECZNEGO,D,,D-95,46.262,2 pokoje z aneksem,1 piętro,BALKON,,199002.0,False,/pl-pl/krakow/mieszkanie?id=apartamenty park matecznego_1_3_d_mk_95,/getmedia/bd6fc386-16a1-4984-8998-5a8e25aeb696/APARTAMENTY%20PARK%20MATECZNEGO_1_3_D_MK_95_Rzut%203D_1.jpg?width=276,2026-07-27,,krakow|APARTAMENTY PARK MATECZNEGO|D|D-95
krakow,APARTAMENTY PARK MATECZNEGO,G,,G-4,38.372,2 pokoje z aneksem,Parter,,,205002.0,False,/pl-pl/krakow/mieszkanie?id=apartamenty park matecznego_2_1_g_mk_4,/getmedia/2c5df0b2-738b-42b0-acd1-88822c95ee35/APARTAMENTY%20PARK%20MATECZNEGO_2_1_G_MK_4_Rzut%203D_1.jpg?width=276,2026-07-27,,krakow|APARTAMENTY PARK MATECZNEGO|G|G-4
krakow,APARTAMENTY PARK MATECZNEGO,G,,G-17,59.952,3 pokoje z aneksem,Parter,,,196002.0,False,/pl-pl/krakow/mieszkanie?id=apartamenty park matecznego_2_1_g_mk_17,/getmedia/1d3070ca-478e-4354-9497-a7b29f26e5e3/APARTAMENTY%20PARK%20MATECZNEGO_2_1_G_MK_17_Rzut%203D_1.jpg?width=276,2026-07-27,,krakow|APARTAMENTY PARK MATECZNEGO|G|G-17
krakow,APARTAMENTY PARK MATECZNEGO,H,,H-26,81.202,3 pokoje z aneksem,3 piętro,BALKON,,180002.0,False,/pl-pl/krakow/mieszkanie?id=apartamenty park matecznego_2_2_h_mk_26,/getmedia/60a4d61b-919a-411a-ba53-f79d512d2a26/APARTAMENTY%20PARK%20MATECZNEGO_2_2_H_MK_26_Rzut%203D_1.jpg?width=276,2026-07-27,,krakow|APARTAMENTY PARK MATECZNEGO|H|H-26
krakow,OSIEDLE MIESZKANIOWE GÓRKA NARODOWA,F,,F-2,38.712,2 pokoje z aneksem,Parter,,160892.0,173002.0,True,/pl-pl/krakow/mieszkanie?id=gorka narodowa_5_3_f_mk_2,/getmedia/a3641b9a-5c03-4280-801f-c950cb885d4d/G%c3%93RKA%20NARODOWA_5_3_F_MK_2_Rzut%203D_1.jpg?width=276,2026-07-27,6228451.104,krakow|OSIEDLE MIESZKANIOWE GÓRKA NARODOWA|F|F-2
krakow,OSIEDLE PRZY MALBORSKIEJ,B,,B-54,43.422,2 pokoje z aneksem,8 piętro,LOGGIA,164902.0,170002.0,True,/pl-pl/krakow/mieszkanie?id=osiedle przy malborskiej_2_1_b_mk_54,/getmedia/471f92c0-f07d-43e2-a8fd-3e1151fe0f5b/OSIEDLE%20PRZY%20MALBORSKIEJ_2_1_B_MK_54_Rzut%203D_1.jpg?width=276,2026-07-27,7160374.643999999,krakow|OSIEDLE PRZY MALBORSKIEJ|B|B-54
krakow,OSIEDLE PRZY WIELICKIEJ,B,,B-2,33.932,1 pokój z aneksem,1 piętro,,183302.0,195002.0,True,/pl-pl/krakow/mieszkanie?id=osiedle przy wielickiej_1_2_b_mk_2,/getmedia/7d0672fa-1e8c-4a62-a3f8-ba6c0f7f11ed/OSIEDLE%20PRZY%20WIELICKIEJ_1_2_B_MK_2_Rzut%203D_1.jpg?width=276,2026-07-27,6219803.464000001,krakow|OSIEDLE PRZY WIELICKIEJ|B|B-2
krakow,OSIEDLE PRZY WIELICKIEJ,B,,B-52,39.352,2 pokoje z aneksem,2 piętro,BALKON,,175002.0,False,/pl-pl/krakow/mieszkanie?id=osiedle przy wielickiej_1_2_b_mk_52,/getmedia/a788814e-1857-4de1-91b6-21c49f46bcb3/OSIEDLE%20PRZY%20WIELICKIEJ_1_2_B_MK_52_Rzut%203D_1.jpg?width=276,2026-07-27,,krakow|OSIEDLE PRZY WIELICKIEJ|B|B-52
krakow,OSIEDLE PRZY WIELICKIEJ,B,,B-60,40.222,2 pokoje z aneksem,3 piętro,BALKON,,176002.0,False,/pl-pl/krakow/mieszkanie?id=osiedle przy wielickiej_1_2_b_mk_60,/getmedia/a6d192ed-1ad0-42b5-8b6b-659e9d537e95/OSIEDLE%20PRZY%20WIELICKIEJ_1_2_B_MK_60_Rzut%203D_1.jpg?width=276,2026-07-27,,krakow|OSIEDLE PRZY WIELICKIEJ|B|B-60
krakow,PRZYSTANEK PRĄDNIK,D,,D-65,64.272,3 pokoje z aneksem,2 piętro,"BALKON, LOGGIA",121262.0,129002.0,True,/pl-pl/krakow/mieszkanie?id=przystanek pradnik_1_1_d_mk_65,/getmedia/ffb645cb-6dd8-47e0-8118-9dbbb8bdb6b6/PRZYSTANEK%20PR%c4%84DNIK_1_1_D_MK_65_Rzut%203D_1.jpg?width=276,2026-07-27,7793751.264,krakow|PRZYSTANEK PRĄDNIK|D|D-65
krakow,PRZYSTANEK PRĄDNIK,D,,D-63,39.912,2 pokoje z aneksem,1 piętro,LOGGIA,,146002.0,False,/pl-pl/krakow/mieszkanie?id=przystanek pradnik_1_1_d_mk_63,/getmedia/45fe246b-517f-4d2a-938a-f1e9915154e9/PRZYSTANEK%20PR%c4%84DNIK_1_1_D_MK_63_Rzut%203D_1.jpg?width=276,2026-07-27,,krakow|PRZYSTANEK PRĄDNIK|D|D-63
krakow,PRZYSTANEK PRĄDNIK,D,,D-85,64.272,3 pokoje z aneksem,6 piętro,"BALKON, LOGGIA",,133002.0,False,/pl-pl/krakow/mieszkanie?id=przystanek pradnik_1_1_d_mk_85,/getmedia/92131e57-5fa6-4234-958c-8e4be6c04c5b/PRZYSTANEK%20PR%c4%84DNIK_1_1_D_MK_85_Rzut%203D_1.jpg?width=276,2026-07-27,,krakow|PRZYSTANEK PRĄDNIK|D|D-85
wroclaw,APARTAMENTY KAMIEŃSKIEGO,A,,A 14,54.692,3 pokoje z aneksem,1 piętro,BALKON,,153002.0,False,/pl-pl/wroclaw/mieszkanie?id=apartamenty kamienskiego_1_1_a_mk_14,/getmedia/2a095b61-ffb5-42f6-94f8-900176857bf7/APARTAMENTY%20KAMIE%c5%83SKIEGO_1_1_A_MK_14_Rzut%203D_1.jpg?width=276,2026-07-27,,wroclaw|APARTAMENTY KAMIEŃSKIEGO|A|A 14
wroclaw,APARTAMENTY KAMIEŃSKIEGO,A,,A 17,33.802,2 pokoje z aneksem,1 piętro,BALKON,,154002.0,False,/pl-pl/wroclaw/mieszkanie?id=apartamenty kamienskiego_1_1_a_mk_17,/getmedia/05a63bf5-c6c5-4624-9c2f-8858832c4767/APARTAMENTY%20KAMIE%c5%83SKIEGO_1_1_A_MK_17_Rzut%203D_1.jpg?width=276,2026-07-27,,wroclaw|APARTAMENTY KAMIEŃSKIEGO|A|A 17
wroclaw,APARTAMENTY KAMIEŃSKIEGO,A,,A 18,33.802,2 pokoje z aneksem,1 piętro,BALKON,,154002.0,False,/pl-pl/wroclaw/mieszkanie?id=apartamenty kamienskiego_1_1_a_mk_18,/getmedia/99d44bee-37cc-4a5c-986a-d1e8613c1731/APARTAMENTY%20KAMIE%c5%83SKIEGO_1_1_A_MK_18_Rzut%203D_1.jpg?width=276,2026-07-27,,wroclaw|APARTAMENTY KAMIEŃSKIEGO|A|A 18
wroclaw,APARTAMENTY KAMIEŃSKIEGO,B,,B 5,49.032,2 pokoje,1 piętro,BALKON,,157002.0,False,/pl-pl/wroclaw/mieszkanie?id=apartamenty kamienskiego_1_1_b_mk_5,/getmedia/f0543b5e-cd2a-4be7-8355-cbc97dea303a/APARTAMENTY%20KAMIE%c5%83SKIEGO_1_1_B_MK_5_Rzut%203D_1.jpg?width=276,2026-07-27,,wroclaw|APARTAMENTY KAMIEŃSKIEGO|B|B 5
wroclaw,APARTAMENTY NAD OŁAWKĄ,A,,A 7,63.822,3 pokoje z aneksem,1 piętro,BALKON,,133002.0,False,/pl-pl/wroclaw/mieszkanie?id=apartamenty nad olawka_1_1_a_mk_7,/getmedia/3b92b81d-b286-4235-ae98-8eb78ce167dc/APARTAMENTY%20NAD%20O%c5%81AWK%c4%84_1_1_A_MK_7_Rzut%203D_1.jpg?width=276,2026-07-27,,wroclaw|APARTAMENTY NAD OŁAWKĄ|A|A 7
wroclaw,APARTAMENTY NAD OŁAWKĄ,A,,A 58,38.032,2 pokoje z aneksem,Parter,,,168002.0,False,/pl-pl/wroclaw/mieszkanie?id=apartamenty nad olawka_1_1_a_mk_58,/getmedia/ccdd9e52-5903-431a-b38c-14398f72971b/APARTAMENTY%20NAD%20O%c5%81AWK%c4%84_1_1_A_MK_58_Rzut%203D_1.jpg?width=276,2026-07-27,,wroclaw|APARTAMENTY NAD OŁAWKĄ|A|A 58
wroclaw,APARTAMENTY NAD OŁAWKĄ,B,,B 9,38.832,2 pokoje z aneksem,2 piętro,BALKON,,167002.0,False,/pl-pl/wroclaw/mieszkanie?id=apartamenty nad olawka_2_1_b_mk_9,/getmedia/1509a648-edfe-42ca-8f96-24aa25595bf7/APARTAMENTY%20NAD%20O%c5%81AWK%c4%84_2_1_B_MK_9_Rzut%203D_1.jpg?width=276,2026-07-27,,wroclaw|APARTAMENTY NAD OŁAWKĄ|B|B 9
wroclaw,APARTAMENTY NAD OŁAWKĄ,B,,B 136,107.222,5 pokoi z aneksem,6 piętro,BALKON,,164002.0,False,/pl-pl/wroclaw/mieszkanie?id=apartamenty nad olawka_2_1_b_mk_136,/getmedia/a4e70009-d4c0-4c15-b478-8f752497e940/APARTAMENTY%20NAD%20O%c5%81AWK%c4%84_2_1_B_MK_136_Rzut%203D_1.jpg?width=276,2026-07-27,,wroclaw|APARTAMENTY NAD OŁAWKĄ|B|B 136
wroclaw,APARTAMENTY NAD RZEKĄ,A,,A 35,85.882,4 pokoje z aneksem,1 piętro,BALKON,132002.0,143002.0,True,/pl-pl/wroclaw/mieszkanie?id=apartamenty nad rzeka_1_1_a_mk_35,/getmedia/9a602355-1e21-4124-b245-018536946efd/APARTAMENTY%20NAD%20RZEK%c4%84_1_1_A_MK_35_Rzut%203D_1.jpg?width=276,2026-07-27,11336595.764,wroclaw|APARTAMENTY NAD RZEKĄ|A|A 35
wroclaw,HUBSKA 100,A,,A 5,29.182,1 pokój z aneksem,Parter,,,175002.0,False,/pl-pl/wroclaw/mieszkanie?id=hubska 100_2_1_a_mk_5,/getmedia/06a28fde-580a-46f8-861e-78ed5facd8b3/HUBSKA%20100_2_1_A_MK_5_Rzut%203D_1.jpg?width=276,2026-07-27,,wroclaw|HUBSKA 100|A|A 5
wroclaw,OSIEDLE ARKADIA,B1,,B1 22,56.872,3 pokoje z aneksem,2 piętro,BALKON,,123002.0,False,/pl-pl/wroclaw/mieszkanie?id=osiedle arkadia_2_1_b1_mk_22,/getmedia/c3657c48-8871-4327-9330-3b392a290389/OSIEDLE%20ARKADIA_2_1_B1_MK_22_Rzut%203D_1.jpg?width=276,2026-07-27,,wroclaw|OSIEDLE ARKADIA|B1|B1 22
wroclaw,OSIEDLE ARKADIA,B1,,B1 62,33.922,2 pokoje z aneksem,1 piętro,BALKON,,141002.0,False,/pl-pl/wroclaw/mieszkanie?id=osiedle arkadia_2_1_b1_mk_62,/getmedia/3458ad1c-98f0-45fd-9d4c-33dc911bbbbc/OSIEDLE%20ARKADIA_2_1_B1_MK_62_Rzut%203D_1.jpg?width=276,2026-07-27,,wroclaw|OSIEDLE ARKADIA|B1|B1 62
wroclaw,OSIEDLE ARKADIA,B2,,B2 13,68.662,4 pokoje z aneksem,1 piętro,BALKON,,118002.0,False,/pl-pl/wroclaw/mieszkanie?id=osiedle arkadia_1_1_b2_mk_13,/getmedia/4666d953-14c5-4af0-8afc-a255875d9aa9/OSIEDLE%20ARKADIA_1_1_B2_MK_13_Rzut%203D_1.jpg?width=276,2026-07-27,,wroclaw|OSIEDLE ARKADIA|B2|B2 13
wroclaw,OSIEDLE RAPSODIA,E,,E 53,39.232,2 pokoje z aneksem,2 piętro,BALKON,137502.0,145002.0,True,/pl-pl/wroclaw/mieszkanie?id=osiedle rapsodia_3_1_e_mk_53,/getmedia/da8e17d8-64c4-46f2-8a8c-4970f1e425d0/OSIEDLE%20RAPSODIA_3_1_E_MK_53_Rzut%203D_1.jpg?width=276,2026-07-27,5394478.464,wroclaw|OSIEDLE RAPSODIA|E|E 53
wroclaw,OSIEDLE RAPSODIA,E,,E 89,27.372,1 pokój z aneksem,3 piętro,LOGGIA,,161002.0,False,/pl-pl/wroclaw/mieszkanie?id=osiedle rapsodia_3_1_e_mk_89,/getmedia/783988f8-f825-4149-ba87-05a46b45f555/OSIEDLE%20RAPSODIA_3_1_E_MK_89_Rzut%203D_1.jpg?width=276,2026-07-27,,wroclaw|OSIEDLE RAPSODIA|E|E 89
wroclaw,OSIEDLE ZIELNA,A,,A 4,79.412,4 pokoje z aneksem,Parter,,,106002.0,False,/pl-pl/wroclaw/mieszkanie?id=osiedle zielna_4_2_a_mk_4,/getmedia/f25a4800-0a96-4832-ac9a-3298e98beb3b/OSIEDLE%20ZIELNA_4_2_A_MK_4_Rzut%203D_1.jpg?width=276,2026-07-27,,wroclaw|OSIEDLE ZIELNA|A|A 4
wroclaw,OSIEDLE ZIELNA,B,,B 23,69.582,4 pokoje z aneksem,3 piętro,BALKON,,120002.0,False,/pl-pl/wroclaw/mieszkanie?id=osiedle zielna_4_2_b_mk_23,/getmedia/2f743a05-295a-4d77-a2e4-d5c68f805fa1/OSIEDLE%20ZIELNA_4_2_B_MK_23_Rzut%203D_1.webp?width=276,2026-07-27,,wroclaw|OSIEDLE ZIELNA|B|B 23
wroclaw,WILLE BISKUPIN,L,,L 3,52.012,2 pokoje z aneksem,Parter,,187062.0,199002.0,True,/pl-pl/wroclaw/mieszkanie?id=wille biskupin_1_2_l_mk_3,/getmedia/b4052430-737a-4907-a774-57d98e1a043e/WILLE%20BISKUPIN_1_2_L_MK_3_Rzut%203D_1.jpg?width=276,2026-07-27,9729468.744,wroclaw|WILLE BISKUPIN|L|L 3
wroclaw,WILLE BISKUPIN,Q,,Q 5,47.602,2 pokoje z aneksem,1 piętro,BALKON,,218002.0,False,/pl-pl/wroclaw/mieszkanie?id=wille biskupin_1_3_q_mk_5,/getmedia/a4a4c5ca-a22c-4ba3-8609-7f93298e383e/WILLE%20BISKUPIN_1_3_Q_MK_5_Rzut%203D_1.jpg?width=276,2026-07-27,,wroclaw|WILLE BISKUPIN|Q|Q 5
wroclaw,WILLE BISKUPIN,R,,R 9,47.602,2 pokoje z aneksem,2 piętro,BALKON,,185502.0,False,/pl-pl/wroclaw/mieszkanie?id=wille biskupin_1_3_r_mk_9,/getmedia/276df630-2336-4832-8fa0-3e5dbf33b09a/WILLE%20BISKUPIN_1_3_R_MK_9_Rzut%203D_1.jpg?width=276,2026-07-27,,wroclaw|WILLE BISKUPIN|R|R 9
wroclaw,WILLE BISKUPIN,Y,,Y 2,57.392,3 pokoje z aneksem,Parter,,,196002.0,False,/pl-pl/wroclaw/mieszkanie?id=wille biskupin_2_2_y_mk_2,/getmedia/f363ffa1-3695-4021-a317-d27ab908f6c0/[WILLE%20BISKUPIN_2_2_Y_0_2][MK][RZUT][Plan%20mieszkania]_l.jpg?width=276,2026-07-27,,wroclaw|WILLE BISKUPIN|Y|Y 2
warszawa,APARTAMENTY BEETHOVENA,B,,B 68,76.912,4 pokoje z aneksem,Parter,,,213002.0,False,/pl-pl/warszawa/mieszkanie?id=apartamenty beethovena_1_1_b_mk_68,/getmedia/c41cd567-5384-400c-9d68-64df1435ab99/APARTAMENTY%20BEETHOVENA_1_1_B_MK_68_Rzut%203D_1.jpg?width=276,2026-07-27,,warszawa|APARTAMENTY BEETHOVENA|B|B 68
warszawa,APARTAMENTY GRZYBOWSKA 11,A,,A 5,26.612,1 pokój z aneksem,1 piętro,BALKON,,331002.0,False,/pl-pl/warszawa/mieszkanie?id=apartamenty grzybowska 11_1_1_a_mk_5,/getmedia/d1718203-a54b-4e62-8bed-96b6e6ed1500/APARTAMENTY%20GRZYBOWSKA%2011_1_1_A_MK_5_Rzut%203D_1.jpg?width=276,2026-07-27,,warszawa|APARTAMENTY GRZYBOWSKA 11|A|A 5
warszawa,APARTAMENTY LITERACKA,E,,E 54,57.462,3 pokoje z aneksem,1 piętro,LOGGIA,174502.0,184002.0,True,/pl-pl/warszawa/mieszkanie?id=apartamenty literacka_2_2_e_mk_54,/getmedia/b72463ef-7870-4fb7-ae87-4b5c6f5f52b7/APARTAMENTY%20LITERACKA_2_2_E_MK_54_Rzut%203D_1.jpg?width=276,2026-07-27,10027233.924,warszawa|APARTAMENTY LITERACKA|E|E 54
warszawa,APARTAMENTY LITERACKA,F,,F 4,25.952,1 pokój z aneksem,1 piętro,LOGGIA,196502.0,205002.0,True,/pl-pl/warszawa/mieszkanie?id=apartamenty literacka_2_3_f_mk_4,/getmedia/440c620b-26fd-4d75-8c66-d073d0f294d6/APARTAMENTY%20LITERACKA_2_3_F_MK_4_Rzut%203D_1.jpg?width=276,2026-07-27,5099619.904,warszawa|APARTAMENTY LITERACKA|F|F 4
warszawa,APARTAMENTY LITERACKA,E,,E 9,78.272,4 pokoje z aneksem,1 piętro,"BALKON, LOGGIA",,179002.0,False,/pl-pl/warszawa/mieszkanie?id=apartamenty literacka_2_2_e_mk_9,/getmedia/9251effc-f16f-42bf-a731-2faa2846e680/APARTAMENTY%20LITERACKA_2_2_E_MK_9_Rzut%203D_1.jpg?width=276,2026-07-27,,warszawa|APARTAMENTY LITERACKA|E|E 9
warszawa,APARTAMENTY LITERACKA,E,,E 13,37.992,2 pokoje z aneksem,2 piętro,LOGGIA,,193002.0,False,/pl-pl/warszawa/mieszkanie?id=apartamenty literacka_2_2_e_mk_13,/getmedia/87639ffc-54f7-4f73-a4a3-e30233cc5663/APARTAMENTY%20LITERACKA_2_2_E_MK_13_Rzut%203D_1.jpg?width=276,2026-07-27,,warszawa|APARTAMENTY LITERACKA|E|E 13
warszawa,APARTAMENTY LITERACKA,E,,E 41,42.172,2 pokoje z aneksem,5 piętro,LOGGIA,,195002.0,False,/pl-pl/warszawa/mieszkanie?id=apartamenty literacka_2_2_e_mk_41,/getmedia/bf7a0fed-4081-42cc-87df-30132d933378/APARTAMENTY%20LITERACKA_2_2_E_MK_41_Rzut%203D_1.jpg?width=276,2026-07-27,,warszawa|APARTAMENTY LITERACKA|E|E 41
warszawa,APARTAMENTY LITERACKA,E,,E 62,57.552,3 pokoje z aneksem,3 piętro,LOGGIA,,189002.0,False,/pl-pl/warszawa/mieszkanie?id=apartamenty literacka_2_2_e_mk_62,/getmedia/708d0436-fd9d-4fd9-80ee-e69c6529bb75/APARTAMENTY%20LITERACKA_2_2_E_MK_62_Rzut%203D_1.jpg?width=276,2026-07-27,,warszawa|APARTAMENTY LITERACKA|E|E 62
warszawa,APARTAMENTY LITERACKA,E,,E 70,57.552,3 pokoje z aneksem,5 piętro,LOGGIA,,193002.0,False,/pl-pl/warszawa/mieszkanie?id=apartamenty literacka_2_2_e_mk_70,/getmedia/1eca6b8f-306e-4ac9-8758-4600680adb10/APARTAMENTY%20LITERACKA_2_2_E_MK_70_Rzut%203D_1.jpg?width=276,2026-07-27,,warszawa|APARTAMENTY LITERACKA|E|E 70
warszawa,APARTAMENTY LITERACKA,E,,E 87,37.292,2 pokoje z aneksem,2 piętro,LOGGIA,,192002.0,False,/pl-pl/warszawa/mieszkanie?id=apartamenty literacka_2_2_e_mk_87,/getmedia/fba2772e-ef17-4673-9ae9-cd32d093a926/APARTAMENTY%20LITERACKA_2_2_E_MK_87_Rzut%203D_1.jpg?width=276,2026-07-27,,warszawa|APARTAMENTY LITERACKA|E|E 87
warszawa,APARTAMENTY METRO WILANOWSKA,A,,A 234,86.282,4 pokoje z aneksem,3 piętro,BALKON,228502.0,238002.0,True,/pl-pl/warszawa/mieszkanie?id=apartamenty metro wilanowska_1_1_a_mk_234,/getmedia/0ad08040-1cc2-4552-8410-2871f327b632/APARTAMENTY%20METRO%20WILANOWSKA_1_1_A_MK_234_Rzut%203D_1.jpg?width=276,2026-07-27,19715609.564,warszawa|APARTAMENTY METRO WILANOWSKA|A|A 234
warszawa,DZIELNICA MIESZKANIOWA METRO ZACHÓD,B,,B 2,26.572,1 pokój z aneksem,Parter,,182002.0,190002.0,True,/pl-pl/warszawa/mieszkanie?id=metro zachod_8_2_b_mk_2,/getmedia/257f3573-8c7f-41e5-b212-0af74e6a7561/METRO%20ZACH%c3%93D_8_2_B_MK_2_Rzut%203D_1.jpg?width=276,2026-07-27,4836157.143999999,warszawa|DZIELNICA MIESZKANIOWA METRO ZACHÓD|B|B 2
warszawa,DZIELNICA MIESZKANIOWA METRO ZACHÓD,B,,B 40,45.532,2 pokoje z aneksem,Parter,,162002.0,169002.0,True,/pl-pl/warszawa/mieszkanie?id=metro zachod_8_2_b_mk_40,/getmedia/9654c35d-c08d-490f-af1f-e3d6336e6e9e/METRO%20ZACH%c3%93D_8_2_B_MK_40_Rzut%203D_1.jpg?width=276,2026-07-27,7376275.063999999,warszawa|DZIELNICA MIESZKANIOWA METRO ZACHÓD|B|B 40
warszawa,DZIELNICA MIESZKANIOWA METRO ZACHÓD,B,,B 48,35.892,2 pokoje z aneksem,1 piętro,BALKON,188002.0,196002.0,True,/pl-pl/warszawa/mieszkanie?id=metro zachod_8_2_b_mk_48,/getmedia/f3cb5b26-212b-4f7a-b5a6-bec16ede6363/METRO%20ZACH%c3%93D_8_2_B_MK_48_Rzut%203D_1.jpg?width=276,2026-07-27,6747767.784000001,warszawa|DZIELNICA MIESZKANIOWA METRO ZACHÓD|B|B 48
warszawa,DZIELNICA MIESZKANIOWA METRO ZACHÓD,D,,D 50,89.822,4 pokoje,1 piętro,,168002.0,177002.0,True,/pl-pl/warszawa/mieszkanie?id=metro zachod_8_2_d_mk_50,/getmedia/84dc5315-1f21-46c8-8ca7-811138eb6065/METRO%20ZACH%c3%93D_8_2_D_MK_50_Rzut%203D_1.jpg?width=276,2026-07-27,15090275.644,warszawa|DZIELNICA MIESZKANIOWA METRO ZACHÓD|D|D 50
warszawa,DZIELNICA MIESZKANIOWA METRO ZACHÓD,B,,B 15,68.842,4 pokoje z aneksem,1 piętro,BALKON,,178002.0,False,/pl-pl/warszawa/mieszkanie?id=metro zachod_8_2_b_mk_15,/getmedia/3c4a1ea8-ca90-4eac-9a7a-ff0d562b48dd/METRO%20ZACH%c3%93D_8_2_B_MK_15_Rzut%203D_1.jpg?width=276,2026-07-27,,warszawa|DZIELNICA MIESZKANIOWA METRO ZACHÓD|B|B 15
warszawa,DZIELNICA MIESZKANIOWA METRO ZACHÓD,B,,B 37,33.202,2 pokoje z aneksem,4 piętro,BALKON,,201002.0,False,/pl-pl/warszawa/mieszkanie?id=metro zachod_8_2_b_mk_37,/getmedia/77b57d9c-e283-4117-87a2-248af1631068/METRO%20ZACH%c3%93D_8_2_B_MK_37_Rzut%203D_1.jpg?width=276,2026-07-27,,warszawa|DZIELNICA MIESZKANIOWA METRO ZACHÓD|B|B 37
warszawa,DZIELNICA MIESZKANIOWA METRO ZACHÓD,B,,B 43,38.422,2 pokoje z aneksem,Parter,,,192002.0,False,/pl-pl/warszawa/mieszkanie?id=metro zachod_8_2_b_mk_43,/getmedia/81deeac6-4cea-4289-b5d3-e6eeb697e75b/METRO%20ZACH%c3%93D_8_2_B_MK_43_Rzut%203D_1.jpg?width=276,2026-07-27,,warszawa|DZIELNICA MIESZKANIOWA METRO ZACHÓD|B|B 43
warszawa,DZIELNICA MIESZKANIOWA METRO ZACHÓD,B,,B 44,38.752,2 pokoje z aneksem,Parter,,,192002.0,False,/pl-pl/warszawa/mieszkanie?id=metro zachod_8_2_b_mk_44,/getmedia/7776fe09-a028-41b6-94dc-a1daeb1f231e/METRO%20ZACH%c3%93D_8_2_B_MK_44_Rzut%203D_1.jpg?width=276,2026-07-27,,warszawa|DZIELNICA MIESZKANIOWA METRO ZACHÓD|B|B 44
warszawa,DZIELNICA MIESZKANIOWA METRO ZACHÓD,B,,B 71,37.392,2 pokoje z aneksem,Parter,,,193002.0,False,/pl-pl/warszawa/mieszkanie?id=metro zachod_8_2_b_mk_71,/getmedia/742bf648-5be1-4501-8d50-ca26c4e97b86/METRO%20ZACH%c3%93D_8_2_B_MK_71_Rzut%203D_1.jpg?width=276,2026-07-27,,warszawa|DZIELNICA MIESZKANIOWA METRO ZACHÓD|B|B 71
warszawa,DZIELNICA MIESZKANIOWA METRO ZACHÓD,B,,B 75,59.232,3 pokoje z aneksem,1 piętro,BALKON,,169002.0,False,/pl-pl/warszawa/mieszkanie?id=metro zachod_8_2_b_mk_75,/getmedia/e4397071-3fe7-4fba-8c9c-cbbb0be6d5aa/METRO%20ZACH%c3%93D_8_2_B_MK_75_Rzut%203D_1.jpg?width=276,2026-07-27,,warszawa|DZIELNICA MIESZKANIOWA METRO ZACHÓD|B|B 75
warszawa,DZIELNICA MIESZKANIOWA METRO ZACHÓD,D,,D 67,34.452,2 pokoje z aneksem,3 piętro,BALKON,,198002.0,False,/pl-pl/warszawa/mieszkanie?id=metro zachod_8_2_d_mk_67,/getmedia/2aff2754-a7a2-456c-82bb-74b2b2b0ab58/METRO%20ZACH%c3%93D_8_2_D_MK_67_Rzut%203D_1.jpg?width=276,2026-07-27,,warszawa|DZIELNICA MIESZKANIOWA METRO ZACHÓD|D|D 67
warszawa,DZIELNICA MIESZKANIOWA METRO ZACHÓD,D,,D 74,33.202,2 pokoje z aneksem,4 piętro,BALKON,,200002.0,False,/pl-pl/warszawa/mieszkanie?id=metro zachod_8_2_d_mk_74,/getmedia/a891a49a-a434-4c77-912e-db5e74378b7a/METRO%20ZACH%c3%93D_8_2_D_MK_74_Rzut%203D_1.jpg?width=276,2026-07-27,,warszawa|DZIELNICA MIESZKANIOWA METRO ZACHÓD|D|D 74
warszawa,DZIELNICA MIESZKANIOWA METRO ZACHÓD,D,,D 75,33.752,2 pokoje z aneksem,4 piętro,BALKON,,200002.0,False,/pl-pl/warszawa/mieszkanie?id=metro zachod_8_2_d_mk_75,/getmedia/a728f66a-80c3-49c8-8701-04164889faa3/METRO%20ZACH%c3%93D_8_2_D_MK_75_Rzut%203D_1.jpg?width=276,2026-07-27,,warszawa|DZIELNICA MIESZKANIOWA METRO ZACHÓD|D|D 75
warszawa,DZIELNICA MIESZKANIOWA METRO ZACHÓD,D,,D 81,25.212,1 pokój z aneksem,Parter,,,192002.0,False,/pl-pl/warszawa/mieszkanie?id=metro zachod_8_2_d_mk_81,/getmedia/74bc085d-84a9-40b6-924f-c42e68e5dd9d/METRO%20ZACH%c3%93D_8_2_D_MK_81_Rzut%203D_1.jpg?width=276,2026-07-27,,warszawa|DZIELNICA MIESZKANIOWA METRO ZACHÓD|D|D 81
warszawa,DZIELNICA MIESZKANIOWA METRO ZACHÓD,D,,D 90,80.162,4 pokoje z aneksem,1 piętro,BALKON,,175002.0,False,/pl-pl/warszawa/mieszkanie?id=metro zachod_8_2_d_mk_90,/getmedia/33d740f0-44ea-4ff1-aae1-32909ca11697/METRO%20ZACH%c3%93D_8_2_D_MK_90_Rzut%203D_1.jpg?width=276,2026-07-27,,warszawa|DZIELNICA MIESZKANIOWA METRO ZACHÓD|D|D 90
warszawa,MOKOTÓW SPORTOWY,B,,B 26,35.282,2 pokoje z aneksem,Parter,,158002.0,165002.0,True,/pl-pl/warszawa/mieszkanie?id=mokotow sportowy_1_3_b_mk_26,/getmedia/253c88b5-94af-4df4-b7e0-9b28439456bf/[MOKOT%c3%93W%20SPORTOWY_1_3_B_0_26][MK][RZUT][Plan%20mieszkania]_l.jpg?width=276,2026-07-27,5574626.563999999,warszawa|MOKOTÓW SPORTOWY|B|B 26
warszawa,MOKOTÓW SPORTOWY,A,,A 9,42.982,2 pokoje z aneksem,2 piętro,BALKON,,164002.0,False,/pl-pl/warszawa/mieszkanie?id=mokotow sportowy_1_3_a_mk_9,/getmedia/916d84d4-1204-40c5-8dbe-87ee67dbda7d/[MOKOT%c3%93W%20SPORTOWY_1_3_A_2_9][MK][RZUT][Plan%20mieszkania]_l.jpg?width=276,2026-07-27,,warszawa|MOKOTÓW SPORTOWY|A|A 9
warszawa,MOKOTÓW SPORTOWY,A,,A 68,31.522,2 pokoje z aneksem,2 piętro,BALKON,,168002.0,False,/pl-pl/warszawa/mieszkanie?id=mokotow sportowy_1_3_a_mk_68,/getmedia/5e81e21b-7b00-4802-8bb8-7dd76452cc55/[MOKOT%c3%93W%20SPORTOWY_1_3_A_2_68][MK][RZUT][Plan%20mieszkania]_l.jpg?width=276,2026-07-27,,warszawa|MOKOTÓW SPORTOWY|A|A 68
warszawa,MOKOTÓW SPORTOWY,B,,B 7,85.282,5 pokoi z aneksem,1 piętro,BALKON,,138502.0,False,/pl-pl/warszawa/mieszkanie?id=mokotow sportowy_1_3_b_mk_7,/getmedia/16619581-0266-48b1-a728-a10d3109235f/[MOKOT%c3%93W%20SPORTOWY_1_3_B_1_7][MK][RZUT][Plan%20mieszkania]_l.jpg?width=276,2026-07-27,,warszawa|MOKOTÓW SPORTOWY|B|B 7
warszawa,MOKOTÓW SPORTOWY,B,,B 32,35.312,2 pokoje z aneksem,1 piętro,BALKON,,168002.0,False,/pl-pl/warszawa/mieszkanie?id=mokotow sportowy_1_3_b_mk_32,/getmedia/3b921dba-0282-4a19-900f-2f317fb1ad34/[MOKOT%c3%93W%20SPORTOWY_1_3_B_1_32][MK][RZUT][Plan%20mieszkania]_l.jpg?width=276,2026-07-27,,warszawa|MOKOTÓW SPORTOWY|B|B 32
warszawa,MOKOTÓW SPORTOWY,C,,C 79,55.642,3 pokoje z aneksem,Parter,,,153002.0,False,/pl-pl/warszawa/mieszkanie?id=mokotow sportowy_1_3_c_mk_79,/getmedia/3eabb570-66b7-4b2d-b602-c6b6f40b050f/[MOKOT%c3%93W%20SPORTOWY_1_3_C_0_79][MK][RZUT][Plan%20mieszkania]_l.jpg?width=276,2026-07-27,,warszawa|MOKOTÓW SPORTOWY|C|C 79
warszawa,MOKOTÓW SPORTOWY,C,,C 80,80.002,5 pokoi z aneksem,Parter,,,140502.0,False,/pl-pl/warszawa/mieszkanie?id=mokotow sportowy_1_3_c_mk_80,/getmedia/e8b3fc14-b5af-41a3-95ad-79b391e57669/[MOKOT%c3%93W%20SPORTOWY_1_3_C_0_80][MK][RZUT][Plan%20mieszkania]_l.jpg?width=276,2026-07-27,,warszawa|MOKOTÓW SPORTOWY|C|C 80
warszawa,MOKOTÓW SPORTOWY,E,,E 5,74.232,4 pokoje z aneksem,1 piętro,BALKON,,149002.0,False,/pl-pl/warszawa/mieszkanie?id=mokotow sportowy_1_3_e_mk_5,/getmedia/ea58a9fd-6a26-44a4-a6e4-09130c98a00a/[MOKOT%c3%93W%20SPORTOWY_1_3_E_1_5][MK][RZUT][Plan%20mieszkania]_l.jpg?width=276,2026-07-27,,warszawa|MOKOTÓW SPORTOWY|E|E 5
warszawa,MOKOTÓW SPORTOWY,E,,E 24,55.872,3 pokoje z aneksem,4 piętro,BALKON,,158002.0,False,/pl-pl/warszawa/mieszkanie?id=mokotow sportowy_1_3_e_mk_24,/getmedia/0b45baef-dfb4-4aea-90a8-c67c5fa67098/[MOKOT%c3%93W%20SPORTOWY_1_3_E_4_24][MK][RZUT][Plan%20mieszkania]_l.jpg?width=276,2026-07-27,,warszawa|MOKOTÓW SPORTOWY|E|E 24
warszawa,OSIEDLE BOKSERSKA 71,A,,A 51,41.122,2 pokoje z aneksem,2 piętro,BALKON,,180002.0,False,/pl-pl/warszawa/mieszkanie?id=bokserska 71_2_1_a_mk_51,/getmedia/4f16e504-fa13-49a4-95c9-6a972dd57207/BOKSERSKA%2071_2_1_A_MK_51_Rzut%203D_1.jpg?width=276,2026-07-27,,warszawa|OSIEDLE BOKSERSKA 71|A|A 51
warszawa,OSIEDLE BOKSERSKA 71,C,,C 10,25.382,1 pokój z aneksem,2 piętro,BALKON,,206502.0,False,/pl-pl/warszawa/mieszkanie?id=bokserska 71_2_2_c_mk_10,/getmedia/4d6bb956-41dc-456a-9cfb-87689501fa0e/BOKSERSKA%2071_2_2_C_MK_10_Rzut%203D_1.jpg?width=276,2026-07-27,,warszawa|OSIEDLE BOKSERSKA 71|C|C 10
warszawa,OSIEDLE BOKSERSKA 71,C,,C 30,58.672,3 pokoje z aneksem,Parter,BALKON,,163002.0,False,/pl-pl/warszawa/mieszkanie?id=bokserska 71_2_2_c_mk_30,/getmedia/334ccb53-b8dc-4e00-a93e-1a1690f6b9c7/BOKSERSKA%2071_2_2_C_MK_30_Rzut%203D_1.jpg?width=276,2026-07-27,,warszawa|OSIEDLE BOKSERSKA 71|C|C 30
warszawa,OSIEDLE BOKSERSKA 71,E,,E 4,85.822,5 pokoi z aneksem,Parter,,,155002.0,False,/pl-pl/warszawa/mieszkanie?id=bokserska 71_2_3_e_mk_4,/getmedia/624b6717-646b-4475-b193-fe97b9a7c405/BOKSERSKA%2071_2_3_E_MK_4_Rzut%203D_1.jpg?width=276,2026-07-27,,warszawa|OSIEDLE BOKSERSKA 71|E|E 4
warszawa,OSIEDLE BOKSERSKA 71,E,,E 12,85.822,5 pokoi z aneksem,2 piętro,BALKON,,157502.0,False,/pl-pl/warszawa/mieszkanie?id=bokserska 71_2_3_e_mk_12,/getmedia/db0fed6f-d9a1-4371-9eb9-c991953ea222/BOKSERSKA%2071_2_3_E_MK_12_Rzut%203D_1.jpg?width=276,2026-07-27,,warszawa|OSIEDLE BOKSERSKA 71|E|E 12
warszawa,OSIEDLE BOKSERSKA 71,E,,E 48,39.792,2 pokoje z aneksem,2 piętro,BALKON,,182502.0,False,/pl-pl/warszawa/mieszkanie?id=bokserska 71_2_3_e_mk_48,/getmedia/0f405c10-5713-463b-8c4f-24b7b51a830b/BOKSERSKA%2071_2_3_E_MK_48_Rzut%203D_1.jpg?width=276,2026-07-27,,warszawa|OSIEDLE BOKSERSKA 71|E|E 48
warszawa,OSIEDLE MYŚLIBORSKA,A,,A 28,39.442,2 pokoje z aneksem,3 piętro,BALKON,,158502.0,False,/pl-pl/warszawa/mieszkanie?id=mysliborska 27_1_1_a_mk_28,/getmedia/9b8e7fd2-191f-42f0-8db2-3d0195fc119e/MY%c5%9aLIBORSKA%2027_1_1_A_MK_28_Rzut%203D_1.jpg?width=276,2026-07-27,,warszawa|OSIEDLE MYŚLIBORSKA|A|A 28
warszawa,OSIEDLE MYŚLIBORSKA,B,,B 69,37.532,2 pokoje z aneksem,2 piętro,BALKON,,156502.0,False,/pl-pl/warszawa/mieszkanie?id=mysliborska 27_1_1_b_mk_69,/getmedia/9835754d-92a9-46b9-939c-40e946f1d8c3/MY%c5%9aLIBORSKA%2027_1_1_B_MK_69_Rzut%203D_1.jpg?width=276,2026-07-27,,warszawa|OSIEDLE MYŚLIBORSKA|B|B 69
warszawa,OSIEDLE URBINO,D,,D 22,35.202,2 pokoje z aneksem,5 piętro,BALKON,173002.0,182002.0,True,/pl-pl/warszawa/mieszkanie?id=urbino_4_2_d_mk_22,/getmedia/81b73341-d113-4f46-8e78-8c0a334dd3f4/URBINO_4_2_D_MK_22_Rzut%203D_1.jpg?width=276,2026-07-27,6090016.404,warszawa|OSIEDLE URBINO|D|D 22
warszawa,OSIEDLE URBINO,B,,B 20,40.412,2 pokoje z aneksem,3 piętro,BALKON,,178002.0,False,/pl-pl/warszawa/mieszkanie?id=urbino_4_1_b_mk_20,/getmedia/2dda5f2b-f6b8-4165-a0c1-de53394db1b3/URBINO_4_1_B_MK_20_Rzut%203D_1.jpg?width=276,2026-07-27,,warszawa|OSIEDLE URBINO|B|B 20
warszawa,OSIEDLE URBINO,B,,B 56,55.642,3 pokoje z aneksem,4 piętro,BALKON,,164002.0,False,/pl-pl/warszawa/mieszkanie?id=urbino_4_1_b_mk_56,/getmedia/a8840316-cca1-4de1-bf4d-872365ce55f9/URBINO_4_1_B_MK_56_Rzut%203D_1.jpg?width=276,2026-07-27,,warszawa|OSIEDLE URBINO|B|B 56
warszawa,OSIEDLE URBINO,C,,C 7,37.472,2 pokoje z aneksem,1 piętro,BALKON,,172002.0,False,/pl-pl/warszawa/mieszkanie?id=urbino_4_2_c_mk_7,/getmedia/ba47c1f8-8d85-4892-8cf7-f73df325f810/URBINO_4_2_C_MK_7_Rzut%203D_1.jpg?width=276,2026-07-27,,warszawa|OSIEDLE URBINO|C|C 7
warszawa,OSIEDLE URBINO,C,,C 29,38.682,2 pokoje z aneksem,3 piętro,BALKON,,179002.0,False,/pl-pl/warszawa/mieszkanie?id=urbino_4_2_c_mk_29,/getmedia/0d6f2536-f835-4816-99e5-633fa58296e5/URBINO_4_2_C_MK_29_Rzut%203D_1.jpg?width=276,2026-07-27,,warszawa|OSIEDLE URBINO|C|C 29
warszawa,OSIEDLE URBINO,C,,C 30,37.332,2 pokoje z aneksem,3 piętro,BALKON,,179002.0,False,/pl-pl/warszawa/mieszkanie?id=urbino_4_2_c_mk_30,/getmedia/46aec385-25aa-48cd-9006-9b818c6c18da/URBINO_4_2_C_MK_30_Rzut%203D_1.jpg?width=276,2026-07-27,,warszawa|OSIEDLE URBINO|C|C 30
warszawa,OSIEDLE URBINO,C,,C 37,37.882,2 pokoje z aneksem,4 piętro,BALKON,,180002.0,False,/pl-pl/warszawa/mieszkanie?id=urbino_4_2_c_mk_37,/getmedia/7640a25c-d604-490f-a0c4-af1d23957c80/URBINO_4_2_C_MK_37_Rzut%203D_1.jpg?width=276,2026-07-27,,warszawa|OSIEDLE URBINO|C|C 37
warszawa,OSIEDLE URBINO,C,,C 38,38.682,2 pokoje z aneksem,4 piętro,BALKON,,180002.0,False,/pl-pl/warszawa/mieszkanie?id=urbino_4_2_c_mk_38,/getmedia/6076fa51-183a-440e-8763-e6bc2648b809/URBINO_4_2_C_MK_38_Rzut%203D_1.jpg?width=276,2026-07-27,,warszawa|OSIEDLE URBINO|C|C 38
warszawa,OSIEDLE URBINO,D,,D 6,35.202,2 pokoje z aneksem,1 piętro,BALKON,,178002.0,False,/pl-pl/warszawa/mieszkanie?id=urbino_4_2_d_mk_6,/getmedia/76ecde67-c48a-463b-af5c-e0c652e8b42b/URBINO_4_2_D_MK_6_Rzut%203D_1.jpg?width=276,2026-07-27,,warszawa|OSIEDLE URBINO|D|D 6
warszawa,OSIEDLE URBINO,D,,D 17,70.372,4 pokoje z aneksem,4 piętro,BALKON,,157002.0,False,/pl-pl/warszawa/mieszkanie?id=urbino_4_2_d_mk_17,/getmedia/71c06d6a-a345-4b2a-b1a1-6a8453ed3b92/URBINO_4_2_D_MK_17_Rzut%203D_1.jpg?width=276,2026-07-27,,warszawa|OSIEDLE URBINO|D|D 17
warszawa,OSIEDLE URBINO,D,,D 23,33.342,2 pokoje z aneksem,5 piętro,BALKON,,184002.0,False,/pl-pl/warszawa/mieszkanie?id=urbino_4_2_d_mk_23,/getmedia/e46e883f-15a7-488d-a13a-bb6e3bda0c34/URBINO_4_2_D_MK_23_Rzut%203D_1.jpg?width=276,2026-07-27,,warszawa|OSIEDLE URBINO|D|D 23
warszawa,OSIEDLE URBINO,D,,D 29,39.892,2 pokoje z aneksem,Parter,,,173002.0,False,/pl-pl/warszawa/mieszkanie?id=urbino_4_2_d_mk_29,/getmedia/f2eb4476-d157-4f53-9be3-4917fd8beb6c/URBINO_4_2_D_MK_29_Rzut%203D_1.jpg?width=276,2026-07-27,,warszawa|OSIEDLE URBINO|D|D 29
warszawa,OSIEDLE URBINO,D,,D 33,36.632,2 pokoje z aneksem,1 piętro,BALKON,,177002.0,False,/pl-pl/warszawa/mieszkanie?id=urbino_4_2_d_mk_33,/getmedia/4e33eb48-c5f0-4cd1-8ae1-8cd8d1bc9077/URBINO_4_2_D_MK_33_Rzut%203D_1.jpg?width=276,2026-07-27,,warszawa|OSIEDLE URBINO|D|D 33
warszawa,OSIEDLE URBINO,D,,D 46,37.402,2 pokoje z aneksem,4 piętro,BALKON,,178002.0,False,/pl-pl/warszawa/mieszkanie?id=urbino_4_2_d_mk_46,/getmedia/54d5b7a1-d172-49ee-a31a-01f4d8b50b49/URBINO_4_2_D_MK_46_Rzut%203D_1.jpg?width=276,2026-07-27,,warszawa|OSIEDLE URBINO|D|D 46
warszawa,OSIEDLE URBINO,D,,D 48,36.632,2 pokoje z aneksem,4 piętro,BALKON,,180002.0,False,/pl-pl/warszawa/mieszkanie?id=urbino_4_2_d_mk_48,/getmedia/a5f7265e-fd08-4321-9cd3-56b16c10c05f/URBINO_4_2_D_MK_48_Rzut%203D_1.jpg?width=276,2026-07-27,,warszawa|OSIEDLE URBINO|D|D 48
warszawa,OSIEDLE WILNO,D,,D 51,38.932,2 pokoje z aneksem,Parter,,,161002.0,False,/pl-pl/warszawa/mieszkanie?id=wilno 8_1_2_d_mk_51,/getmedia/9344d1e7-328b-4f3a-99c5-53c26eedd276/WILNO%208_1_2_D_MK_51_Rzut%203D_1.jpg?width=276,2026-07-27,,warszawa|OSIEDLE WILNO|D|D 51
trojmiasto,DOKI,G,,G 100,45.162,2 pokoje z aneksem,3 piętro,BALKON,181002.0,200852.0,True,/pl-pl/trojmiasto/mieszkanie?id=doki_2_1_g_mk_100,/getmedia/47c6cb46-7e25-45fc-9a21-99b07dbfcbf3/DOKI_2_1_G_MK_100_Rzut%203D_1.png?width=276,2026-07-27,8174412.324,trojmiasto|DOKI|G|G 100
trojmiasto,DOKI,G,,G 89,35.622,1 pokój z aneksem,2 piętro,BALKON,,205002.0,False,/pl-pl/trojmiasto/mieszkanie?id=doki_2_1_g_mk_89,/getmedia/5f55bee3-ebe3-4163-b9a4-333244941b75/DOKI_2_1_G_MK_89_Rzut%203D_1.png?width=276,2026-07-27,,trojmiasto|DOKI|G|G 89
trojmiasto,DOKI,G,,G 204,45.162,2 pokoje z aneksem,5 piętro,BALKON,,199302.0,False,/pl-pl/trojmiasto/mieszkanie?id=doki_2_1_g_mk_204,/getmedia/5fea9767-7d9c-4b49-895c-943fa0a90f27/DOKI_2_1_G_MK_204_Rzut%203D_1.png?width=276,2026-07-27,,trojmiasto|DOKI|G|G 204
trojmiasto,ESENCJA,A,,A 94,57.102,3 pokoje z aneksem,4 piętro,LOGGIA,,215002.0,False,/pl-pl/trojmiasto/mieszkanie?id=esencja_1_1_a_mk_94,/getmedia/eba5b6c8-20ee-432f-85ce-944b79d24b4a/ESENCJA_1_1_A_MK_94_Rzut%203D_1.png?width=276,2026-07-27,,trojmiasto|ESENCJA|A|A 94
trojmiasto,KONSTELACJA,C17,,C17 18,36.312,2 pokoje z aneksem,2 piętro,BALKON,,128702.0,False,/pl-pl/trojmiasto/mieszkanie?id=konstelacja_1_11_c17_mk_18,/getmedia/63f8a1a5-d7d0-4063-a77f-cac80a7392e2/KONSTELACJA_1_11_C17_MK_18_Rzut%203D_1.png?width=276,2026-07-27,,trojmiasto|KONSTELACJA|C17|C17 18
trojmiasto,LEŚNA GÓRA,B1,,B1 42,35.712,2 pokoje z aneksem,4 piętro,BALKON,,186002.0,False,/pl-pl/trojmiasto/mieszkanie?id=lesna gora_1_1_b1_mk_42,/getmedia/01de7044-19ae-45a7-ab33-f7d046a82247/LE%c5%9aNA%20G%c3%93RA_1_1_B1_MK_42_Rzut%203D_1.png?width=276,2026-07-27,,trojmiasto|LEŚNA GÓRA|B1|B1 42
trojmiasto,LOCUS 2,B2,,B2 8,61.582,3 pokoje z aneksem,1 piętro,BALKON,,111002.0,False,/pl-pl/trojmiasto/mieszkanie?id=locus 2_1_2_b2_mk_8,/getmedia/b5f12a69-d5ad-4108-8a46-40d0f29f127b/[LOCUS%202_1_2_B2_1_8][MK][RZUT][Plan%20mieszkania]_s.jpg?width=276,2026-07-27,,trojmiasto|LOCUS 2|B2|B2 8
trojmiasto,ORZECHOWA,A,,A 19,62.942,3 pokoje z aneksem,4 piętro,,,133832.0,False,/pl-pl/trojmiasto/mieszkanie?id=orzechowa_1_1_a_mk_19,/getmedia/6c7e51d4-db9f-4a42-b0a7-1e3fe1aef822/[ORZECHOWA_1_1_A_4_19][MK][RZUT][Plan%20mieszkania]_s.jpg?width=276,2026-07-27,,trojmiasto|ORZECHOWA|A|A 19
trojmiasto,PRZYSTAŃ BRZEŹNO,A,,A 41,38.642,2 pokoje z aneksem,2 piętro,BALKON,164002.0,176002.0,True,/pl-pl/trojmiasto/mieszkanie?id=przystan brzezno_1_1_a_mk_41,/getmedia/f3613e57-dd08-405d-9700-9e3b07bbccaf/PRZYSTA%c5%83%20BRZE%c5%b9NO_1_1_A_MK_41_Rzut%203D_1.png?width=276,2026-07-27,6337365.284000001,trojmiasto|PRZYSTAŃ BRZEŹNO|A|A 41
trojmiasto,PRZYSTAŃ BRZEŹNO,B,,B 18,43.312,2 pokoje z aneksem,2 piętro,BALKON,,179302.0,False,/pl-pl/trojmiasto/mieszkanie?id=przystan brzezno_1_2_b_mk_18,/getmedia/5aaea234-09cd-437b-b6f6-deb09b5798ac/[PRZYSTA%c5%83%20BRZE%c5%b9NO_1_2_B_2_18][MK][RZUT][Plan%20mieszkania]_s.jpg?width=276,2026-07-27,,trojmiasto|PRZYSTAŃ BRZEŹNO|B|B 18
trojmiasto,PRZYSTAŃ BRZEŹNO,C,,C 28,57.382,3 pokoje z aneksem,Parter,,,175002.0,False,/pl-pl/trojmiasto/mieszkanie?id=przystan brzezno_1_2_c_mk_28,/getmedia/618cb51a-c15f-461e-8a51-fed4ee932ba0/[PRZYSTA%c5%83%20BRZE%c5%b9NO_1_2_C_0_28][MK][RZUT][Plan%20mieszkania]_s.jpg?width=276,2026-07-27,,trojmiasto|PRZYSTAŃ BRZEŹNO|C|C 28
trojmiasto,SYNTEZA,E,,E 14,48.262,3 pokoje z aneksem,1 piętro,BALKON,,166002.0,False,/pl-pl/trojmiasto/mieszkanie?id=synteza_1_4_e_mk_14,/getmedia/67695f6b-e4fe-4230-a226-ba448255eb79/SYNTEZA_1_4_E_MK_14_Rzut%203D_1.png?width=276,2026-07-27,,trojmiasto|SYNTEZA|E|E 14
trojmiasto,SYNTEZA,E,,E 36,54.622,3 pokoje z aneksem,3 piętro,BALKON,,160002.0,False,/pl-pl/trojmiasto/mieszkanie?id=synteza_1_4_e_mk_36,/getmedia/13969bb1-9579-4fc4-b8ab-db8f2e989e4b/SYNTEZA_1_4_E_MK_36_Rzut%203D_1.png?width=276,2026-07-27,,trojmiasto|SYNTEZA|E|E 36
trojmiasto,SYNTEZA,E,,E 60,54.622,3 pokoje z aneksem,5 piętro,BALKON,,162002.0,False,/pl-pl/trojmiasto/mieszkanie?id=synteza_1_4_e_mk_60,/getmedia/9848da29-8ab8-45b1-aef3-c4f7b5963a13/SYNTEZA_1_4_E_MK_60_Rzut%203D_1.png?width=276,2026-07-27,,trojmiasto|SYNTEZA|E|E 60
trojmiasto,WARSZAWSKA,A,,A 25,46.232,3 pokoje z aneksem,4 piętro,BALKON,,146932.0,False,/pl-pl/trojmiasto/mieszkanie?id=warszawska_1_4_a_mk_25,/getmedia/df5857ea-2910-4fea-8fce-d44ea5c45991/[WARSZAWSKA_1_4_A_4_25][MK][RZUT][Plan%20mieszkania]_s.jpg?width=276,2026-07-27,,trojmiasto|WARSZAWSKA|A|A 25
trojmiasto,WARSZAWSKA,A,,A 86,76.322,4 pokoje z aneksem,5 piętro,BALKON,,150002.0,False,/pl-pl/trojmiasto/mieszkanie?id=warszawska_1_4_a_mk_86,/getmedia/e2849344-57fa-4ebb-9cfb-78ac331b91bd/[WARSZAWSKA_1_4_A_5_86][MK][RZUT][Plan%20mieszkania]_s.jpg?width=276,2026-07-27,,trojmiasto|WARSZAWSKA|A|A 86
trojmiasto,WARSZAWSKA,B,,B 48,52.752,3 pokoje z aneksem,4 piętro,LOGGIA,,137702.0,False,/pl-pl/trojmiasto/mieszkanie?id=warszawska_1_3_b_mk_48,/getmedia/be95ede3-0635-4851-968d-cb78134cf5dc/WARSZAWSKA_1_3_B_MK_48_Rzut%203D_1.png?width=276,2026-07-27,,trojmiasto|WARSZAWSKA|B|B 48
trojmiasto,WARSZAWSKA,D,,D 36,50.682,3 pokoje z aneksem,4 piętro,LOGGIA,,141802.0,False,/pl-pl/trojmiasto/mieszkanie?id=warszawska_1_2_d_mk_36,/getmedia/18d8d575-f672-439a-9059-18adff8dd785/WARSZAWSKA_1_2_D_MK_36_Rzut%203D_1.png?width=276,2026-07-27,,trojmiasto|WARSZAWSKA|D|D 36
trojmiasto,WZGÓRZE MARKOWCA,B8,,B8 8,37.002,2 pokoje z aneksem,2 piętro,,,137002.0,False,/pl-pl/trojmiasto/mieszkanie?id=wzgorze markowca_1_1_b8_mk_8,/getmedia/143f7bc0-d316-462a-b59f-4e589d647208/[WZG%c3%93RZE%20MARKOWCA_1_1_B8_2_8][MK][RZUT][Plan%20mieszkania]_s.jpg?width=276,2026-07-27,,trojmiasto|WZGÓRZE MARKOWCA|B8|B8 8
trojmiasto,WZGÓRZE MARKOWCA,B9,,B9 3,73.062,4 pokoje z aneksem,Parter,,,124002.0,False,/pl-pl/trojmiasto/mieszkanie?id=wzgorze markowca_1_1_b9_mk_3,/getmedia/753b6405-a947-4c3a-9fec-31c5941c0ede/[WZG%c3%93RZE%20MARKOWCA_1_1_B9_0_3][MK][RZUT][Plan%20mieszkania]_s.jpg?width=276,2026-07-27,,trojmiasto|WZGÓRZE MARKOWCA|B9|B9 3
trojmiasto,ZAJEZDNIA MOTŁAWA,B2,,B2 8,68.782,3 pokoje z aneksem,1 piętro,BALKON,,192002.0,False,/pl-pl/trojmiasto/mieszkanie?id=zajezdnia motlawa_1_1_b2_mk_8,/getmedia/deae09ef-1837-4f56-b013-28b0a9716e07/ZAJEZDNIA%20MOT%c5%81AWA_1_1_B2_MK_8_Rzut%203D_1.png?width=276,2026-07-27,,trojmiasto|ZAJEZDNIA MOTŁAWA|B2|B2 8
warszawa,DZIELNICA MIESZKANIOWA METRO ZACHÓD,A,,A 40,32.422,2 pokoje z aneksem,3 piętro,BALKON,,,False,/pl-pl/warszawa/mieszkanie?id=metro zachod_8_1_a_mk_40,/getmedia/8c1ff14a-58df-460c-86d8-7a08ab11efa5/METRO%20ZACH%c3%93D_8_1_A_MK_40_Rzut%203D_1.jpg?width=276,2026-07-28,,warszawa|DZIELNICA MIESZKANIOWA METRO ZACHÓD|A|A 40
trojmiasto,SYNTEZA,F,,F 69,35.042,2 pokoje z aneksem,6 piętro,BALKON,,,False,/pl-pl/trojmiasto/mieszkanie?id=synteza_1_4_f_mk_69,/getmedia/9c9b2673-52c4-4af1-add5-1c438f3f5e2f/SYNTEZA_1_4_F_MK_69_Rzut%203D_1.png?width=276,2026-07-28,,trojmiasto|SYNTEZA|F|F 69
krakow,OSIEDLE MIESZKANIOWE GÓRKA NARODOWA,C,,C-22,45.882,2 pokoje z aneksem,3 piętro,BALKON,,,False,/pl-pl/krakow/mieszkanie?id=gorka narodowa_5_2_c_mk_22,/getmedia/42a8b063-e159-4218-8b2b-d457cedf2d8c/G%c3%93RKA%20NARODOWA_5_2_C_MK_22_Rzut%203D_1.jpg?width=276,2026-07-29,,krakow|OSIEDLE MIESZKANIOWE GÓRKA NARODOWA|C|C-22
warszawa,OSIEDLE WILNO,A,,A 121,35.702,2 pokoje z aneksem,2 piętro,LOGGIA,,,False,/pl-pl/warszawa/mieszkanie?id=wilno 7_3_2_a_mk_121,/getmedia/f1a67569-6305-430c-afcc-6b96853b5238/WILNO%207_3_2_A_MK_121_Rzut%203D_1.jpg?width=276,2026-07-29,,warszawa|OSIEDLE WILNO|A|A 121
warszawa,DZIELNICA MIESZKANIOWA METRO ZACHÓD,D,,D 44,40.712,2 pokoje z aneksem,1 piętro,BALKON,,,False,/pl-pl/warszawa/mieszkanie?id=metro zachod_8_2_d_mk_44,/getmedia/a8b7a5b9-c2a3-4dc2-827c-0b0175a47716/METRO%20ZACH%c3%93D_8_2_D_MK_44_Rzut%203D_1.jpg?width=276,2026-07-30,,warszawa|DZIELNICA MIESZKANIOWA METRO ZACHÓD|D|D 44
